{"cameraMode":{"drawMode":0,"name":"Shaded","section":"Shading Mode"},"sceneLighting":true,"audioPlay":false,"sceneViewState":{"m_AlwaysRefresh":false,"showFog":true,"showSkybox":true,"showFlares":true,"showImageEffects":true,"showParticleSystems":true,"showVisualEffectGraphs":true,"m_FxEnabled":true},"in2DMode":false,"pivot":{"x":-1.9871045351028443,"y":5.361969947814941,"z":9.100224494934082},"rotation":{"x":0.0660828948020935,"y":0.19978411495685578,"z":-0.013505237177014351,"w":0.9775204062461853},"size":19.36406898498535,"orthographic":false}