{"cameraMode":{"drawMode":0,"name":"Shaded","section":"Shading Mode"},"sceneLighting":true,"audioPlay":false,"sceneViewState":{"showFog":true,"showMaterialUpdate":false,"showSkybox":true,"showFlares":true,"showImageEffects":true,"showParticleSystems":true},"in2DMode":false,"pivot":{"x":-6.257490158081055,"y":-4.303722381591797,"z":-1.1274843215942383},"rotation":{"x":-0.22812175750732423,"y":0.4936846196651459,"z":-0.13599863648414613,"w":-0.8280960917472839},"size":10.0,"orthographic":false}